"state_name","lg_dist_code","district_name","micro","small","medium","total","last_updated"
"ANDHRA PRADESH","745","Alluri Sitharama Raju","1405","8","NA","1413","2023-08-27"
"ANDHRA PRADESH","744","Anakapalli","7780","89","4","7873","2023-08-27"
"ANDHRA PRADESH","502","ANANTHAPUR","39107","966","56","40129","2023-08-27"
"ANDHRA PRADESH","753","Annamayya","9496","101","3","9600","2023-08-27"
"ANDHRA PRADESH","750","Bapatla","8343","104","3","8450","2023-08-27"
"ANDHRA PRADESH","503","CHITOOR","31898","1026","63","32987","2023-08-27"
"ANDHRA PRADESH","505","EAST GODAVARI","40051","1817","180","42048","2023-08-27"
"ANDHRA PRADESH","748","Eluru","11155","164","5","11324","2023-08-27"
"ANDHRA PRADESH","506","GUNTUR","42206","2531","245","44982","2023-08-27"
"ANDHRA PRADESH","746","Kakinada","11251","178","9","11438","2023-08-27"
"ANDHRA PRADESH","747","Konaseema","9795","149","8","9952","2023-08-27"
"ANDHRA PRADESH","510","KRISHNA","47841","2599","227","50667","2023-08-27"
"ANDHRA PRADESH","511","KURNOOL","33359","1024","64","34447","2023-08-27"
"ANDHRA PRADESH","755","Nandyal","10335","116","3","10454","2023-08-27"
"ANDHRA PRADESH","749","NTR","13741","246","13","14000","2023-08-27"
"ANDHRA PRADESH","751","Palnadu","9410","146","2","9558","2023-08-27"
"ANDHRA PRADESH","743","Parvathipuram Manyam","2204","33","NA","2237","2023-08-27"
"ANDHRA PRADESH","517","PRAKASAM","28053","976","61","29090","2023-08-27"
"ANDHRA PRADESH","515","SPSR NELLORE","32225","1242","93","33560","2023-08-27"
"ANDHRA PRADESH","754","Sri Sathya Sai","10452","96","2","10550","2023-08-27"
"ANDHRA PRADESH","519","SRIKAKULAM","17754","589","23","18366","2023-08-27"
"ANDHRA PRADESH","752","Tirupati","13024","150","9","13183","2023-08-27"
"ANDHRA PRADESH","520","VISAKHAPATNAM","43708","2247","232","46187","2023-08-27"
"ANDHRA PRADESH","521","VIZIANAGARAM","16158","455","27","16640","2023-08-27"
"ANDHRA PRADESH","523","WEST GODAVARI","37124","1971","199","39294","2023-08-27"
"ANDHRA PRADESH","504","Y.S.R","27092","870","35","27997","2023-08-27"
"ARUNACHAL PRADESH","628","ANJAW","68","NA","NA","68","2023-08-27"
"ARUNACHAL PRADESH","229","CHANGLANG","534","14","NA","548","2023-08-27"
"ARUNACHAL PRADESH","230","DIBANG VALLEY","56","1","NA","57","2023-08-27"
"ARUNACHAL PRADESH","231","EAST KAMENG","148","5","NA","153","2023-08-27"
"ARUNACHAL PRADESH","232","EAST SIANG","522","15","NA","537","2023-08-27"
"ARUNACHAL PRADESH","718","KAMLE","71","NA","NA","71","2023-08-27"
"ARUNACHAL PRADESH","677","KRA DAADI","79","1","NA","80","2023-08-27"
"ARUNACHAL PRADESH","233","KURUNG KUMEY","100","1","NA","101","2023-08-27"
"ARUNACHAL PRADESH","724","LEPARADA","86","NA","NA","86","2023-08-27"
"ARUNACHAL PRADESH","234","LOHIT","383","13","NA","396","2023-08-27"
"ARUNACHAL PRADESH","666","LONGDING","94","3","NA","97","2023-08-27"
"ARUNACHAL PRADESH","235","LOWER DIBANG VALLEY","295","5","NA","300","2023-08-27"
"ARUNACHAL PRADESH","719","LOWER SIANG","85","3","NA","88","2023-08-27"
"ARUNACHAL PRADESH","236","LOWER SUBANSIRI","721","8","1","730","2023-08-27"
"ARUNACHAL PRADESH","678","NAMSAI","350","3","NA","353","2023-08-27"
"ARUNACHAL PRADESH","723","PAKKE KESSANG","24","NA","NA","24","2023-08-27"
"ARUNACHAL PRADESH","237","PAPUM PARE","3084","122","15","3221","2023-08-27"
"ARUNACHAL PRADESH","725","SHI YOMI","26","NA","NA","26","2023-08-27"
"ARUNACHAL PRADESH","679","SIANG","68","1","1","70","2023-08-27"
"ARUNACHAL PRADESH","238","TAWANG","313","8","1","322","2023-08-27"
"ARUNACHAL PRADESH","239","TIRAP","125","4","NA","129","2023-08-27"
"ARUNACHAL PRADESH","240","UPPER SIANG","82","4","NA","86","2023-08-27"
"ARUNACHAL PRADESH","241","UPPER SUBANSIRI","239","6","NA","245","2023-08-27"
"ARUNACHAL PRADESH","242","WEST KAMENG","638","16","NA","654","2023-08-27"
"ARUNACHAL PRADESH","243","WEST SIANG","313","11","NA","324","2023-08-27"
"ASSAM","739","BAJALI","860","7","NA","867","2023-08-27"
"ASSAM","616","BAKSA","5321","33","3","5357","2023-08-27"
"ASSAM","280","BARPETA","13892","187","8","14087","2023-08-27"
"ASSAM","705","Biswanath","5049","71","2","5122","2023-08-27"
"ASSAM","281","BONGAIGAON","5303","132","9","5444","2023-08-27"
"ASSAM","282","CACHAR","20710","336","21","21067","2023-08-27"
"ASSAM","708","CHARAIDEO","2992","45","1","3038","2023-08-27"
"ASSAM","612","CHIRANG","3168","65","5","3238","2023-08-27"
"ASSAM","283","DARRANG","11316","164","5","11485","2023-08-27"
"ASSAM","284","DHEMAJI","6860","88","3","6951","2023-08-27"
"ASSAM","285","DHUBRI","8454","138","7","8599","2023-08-27"
"ASSAM","286","DIBRUGARH","13686","390","16","14092","2023-08-27"
"ASSAM","299","DIMA HASAO","1260","15","1","1276","2023-08-27"
"ASSAM","287","GOALPARA","6964","116","5","7085","2023-08-27"
"ASSAM","288","GOLAGHAT","9164","201","6","9371","2023-08-27"
"ASSAM","289","HAILAKANDI","5251","48","3","5302","2023-08-27"
"ASSAM","709","HOJAI","5783","106","2","5891","2023-08-27"
"ASSAM","290","JORHAT","9958","334","22","10314","2023-08-27"
"ASSAM","291","KAMRUP","18487","444","41","18972","2023-08-27"
"ASSAM","618","KAMRUP METRO","29827","2278","284","32389","2023-08-27"
"ASSAM","292","KARBI-ANGELONG","3498","60","2","3560","2023-08-27"
"ASSAM","293","KARIMGANJ","8098","153","3","8254","2023-08-27"
"ASSAM","294","KOKRAJHAR","5465","79","4","5548","2023-08-27"
"ASSAM","295","LAKHIMPUR","9987","162","12","10161","2023-08-27"
"ASSAM","706","MAJULI","1226","7","NA","1233","2023-08-27"
"ASSAM","296","MARIGAON","6824","80","2","6906","2023-08-27"
"ASSAM","297","NAGAON","14386","307","15","14708","2023-08-27"
"ASSAM","298","NALBARI","13262","101","4","13367","2023-08-27"
"ASSAM","300","SIVASAGAR","9358","220","10","9588","2023-08-27"
"ASSAM","301","SONITPUR","11857","223","18","12098","2023-08-27"
"ASSAM","707","SOUTH SALMARA MANCACHAR","810","13","NA","823","2023-08-27"
"ASSAM","756","TAMULPUR","321","2","NA","323","2023-08-27"
"ASSAM","302","TINSUKIA","13172","407","12","13591","2023-08-27"
"ASSAM","617","UDALGURI","5967","76","NA","6043","2023-08-27"
"ASSAM","710","WEST KARBI ANGLONG","625","1","NA","626","2023-08-27"
"BIHAR","188","ARARIA","17454","359","19","17832","2023-08-27"
"BIHAR","611","ARWAL","3315","53","NA","3368","2023-08-27"
"BIHAR","189","AURANGABAD","14782","270","6","15058","2023-08-27"
"BIHAR","190","BANKA","12109","115","2","12226","2023-08-27"
"BIHAR","191","BEGUSARAI","23895","423","28","24346","2023-08-27"
"BIHAR","192","BHAGALPUR","28148","434","22","28604","2023-08-27"
"BIHAR","193","BHOJPUR","14046","302","10","14358","2023-08-27"
"BIHAR","194","BUXAR","9669","188","9","9866","2023-08-27"
"BIHAR","195","DARBHANGA","24161","392","22","24575","2023-08-27"
"BIHAR","196","GAYA","29128","535","22","29685","2023-08-27"
"BIHAR","197","GOPALGANJ","16521","228","13","16762","2023-08-27"
"BIHAR","198","JAMUI","10780","134","3","10917","2023-08-27"
"BIHAR","199","JEHANABAD","6086","88","3","6177","2023-08-27"
"BIHAR","200","KAIMUR (BHABUA)","7481","254","5","7740","2023-08-27"
"BIHAR","201","KATIHAR","19388","356","11","19755","2023-08-27"
"BIHAR","202","KHAGARIA","12338","193","16","12547","2023-08-27"
"BIHAR","203","KISHANGANJ","8668","165","7","8840","2023-08-27"
"BIHAR","204","LAKHISARAI","5612","97","2","5711","2023-08-27"
"BIHAR","205","MADHEPURA","12177","201","5","12383","2023-08-27"
"BIHAR","206","MADHUBANI","25011","295","7","25313","2023-08-27"
"BIHAR","207","MUNGER","10015","90","3","10108","2023-08-27"
"BIHAR","208","MUZAFFARPUR","44730","886","51","45667","2023-08-27"
"BIHAR","209","NALANDA","19199","331","5","19535","2023-08-27"
"BIHAR","210","NAWADA","12925","199","9","13133","2023-08-27"
"BIHAR","211","PASHCHIM  CHAMPARAN","22141","356","5","22502","2023-08-27"
"BIHAR","212","PATNA","91205","2630","248","94083","2023-08-27"
"BIHAR","213","PURBI  CHAMPARAN","36695","699","94","37488","2023-08-27"
"BIHAR","214","PURNIA","27809","775","48","28632","2023-08-27"
"BIHAR","215","ROHTAS","18098","436","11","18545","2023-08-27"
"BIHAR","216","SAHARSA","12523","190","6","12719","2023-08-27"
"BIHAR","217","SAMASTIPUR","30986","493","17","31496","2023-08-27"
"BIHAR","218","SARAN","22819","336","11","23166","2023-08-27"
"BIHAR","219","SHEIKHPURA","4770","63","1","4834","2023-08-27"
"BIHAR","220","SHEOHAR","3988","27","1","4016","2023-08-27"
"BIHAR","221","SITAMARHI","19859","286","8","20153","2023-08-27"
"BIHAR","222","SIWAN","19832","341","6","20179","2023-08-27"
"BIHAR","223","SUPAUL","15149","214","6","15369","2023-08-27"
"BIHAR","224","VAISHALI","30269","352","13","30634","2023-08-27"
"CHHATTISGARH","646","BALOD","6014","99","5","6118","2023-08-27"
"CHHATTISGARH","644","BALOD BAZAR","9609","358","9","9976","2023-08-27"
"CHHATTISGARH","649","BALRAMPUR","2739","49","NA","2788","2023-08-27"
"CHHATTISGARH","374","BASTAR","5600","174","8","5782","2023-08-27"
"CHHATTISGARH","650","BEMETARA","5576","94","3","5673","2023-08-27"
"CHHATTISGARH","636","BIJAPUR","843","12","NA","855","2023-08-27"
"CHHATTISGARH","375","BILASPUR","23129","863","83","24075","2023-08-27"
"CHHATTISGARH","376","DANTEWADA","1599","45","NA","1644","2023-08-27"
"CHHATTISGARH","377","DHAMTARI","7784","253","4","8041","2023-08-27"
"CHHATTISGARH","378","DURG","27621","1039","138","28798","2023-08-27"
"CHHATTISGARH","645","GARIABAND","3904","43","3","3950","2023-08-27"
"CHHATTISGARH","734","Gaurella Pendra Marwahi","1306","27","1","1334","2023-08-27"
"CHHATTISGARH","379","JANJGIR-CHAMPA","11967","283","11","12261","2023-08-27"
"CHHATTISGARH","380","JASHPUR","3357","102","7","3466","2023-08-27"
"CHHATTISGARH","382","KABIRDHAM","5099","119","2","5220","2023-08-27"
"CHHATTISGARH","381","KANKER","6212","105","2","6319","2023-08-27"
"CHHATTISGARH","759","KHAIRGARH CHHUIKHADAN GANDAI","778","6","NA","784","2023-08-27"
"CHHATTISGARH","643","KONDAGAON","3250","83","2","3335","2023-08-27"
"CHHATTISGARH","383","KORBA","11636","367","49","12052","2023-08-27"
"CHHATTISGARH","384","KOREA","4050","73","1","4124","2023-08-27"
"CHHATTISGARH","385","MAHASAMUND","8714","212","4","8930","2023-08-27"
"CHHATTISGARH","760","MANENDRAGARH CHIRIMIRI BHARATPUR","731","10","NA","741","2023-08-27"
"CHHATTISGARH","761","MOHLA MANPUR AMBAGARH CHOUKI","235","1","NA","236","2023-08-27"
"CHHATTISGARH","647","MUNGELI","4221","62","1","4284","2023-08-27"
"CHHATTISGARH","637","NARAYANPUR","903","12","NA","915","2023-08-27"
"CHHATTISGARH","386","RAIGARH","12425","552","89","13066","2023-08-27"
"CHHATTISGARH","387","RAIPUR","50666","3190","549","54405","2023-08-27"
"CHHATTISGARH","388","RAJNANDAGAON","11846","380","17","12243","2023-08-27"
"CHHATTISGARH","762","SAKTI","1015","13","NA","1028","2023-08-27"
"CHHATTISGARH","763","SARANGARH BILAIGARH","1007","5","NA","1012","2023-08-27"
"CHHATTISGARH","642","SUKMA","755","26","1","782","2023-08-27"
"CHHATTISGARH","648","SURAJPUR","3958","80","6","4044","2023-08-27"
"CHHATTISGARH","389","SURGUJA","7336","249","13","7598","2023-08-27"
"GOA","551","NORTH GOA","21362","724","70","22156","2023-08-27"
"GOA","552","SOUTH GOA","14099","550","50","14699","2023-08-27"
"GUJARAT","438","AHMADABAD","285831","15543","1820","303194","2023-08-27"
"GUJARAT","439","AMRELI","12638","485","71","13194","2023-08-27"
"GUJARAT","440","ANAND","30182","820","58","31060","2023-08-27"
"GUJARAT","672","ARVALLI","6978","248","10","7236","2023-08-27"
"GUJARAT","441","BANAS KANTHA","28989","1232","82","30303","2023-08-27"
"GUJARAT","442","BHARUCH","30697","1793","153","32643","2023-08-27"
"GUJARAT","443","BHAVNAGAR","36427","1506","211","38144","2023-08-27"
"GUJARAT","676","BOTAD","5150","233","42","5425","2023-08-27"
"GUJARAT","668","CHHOTAUDEPUR","4418","90","12","4520","2023-08-27"
"GUJARAT","444","DANG","843","14","1","858","2023-08-27"
"GUJARAT","674","DEVBHOOMI DWARKA","7194","259","11","7464","2023-08-27"
"GUJARAT","445","DOHAD","9412","272","21","9705","2023-08-27"
"GUJARAT","446","GANDHINAGAR","28414","1394","149","29957","2023-08-27"
"GUJARAT","675","GIR SOMNATH","11107","483","10","11600","2023-08-27"
"GUJARAT","447","JAMNAGAR","32126","1676","165","33967","2023-08-27"
"GUJARAT","448","JUNAGADH","22732","922","61","23715","2023-08-27"
"GUJARAT","449","KACHCHH","49985","3031","340","53356","2023-08-27"
"GUJARAT","450","KHEDA","19936","552","43","20531","2023-08-27"
"GUJARAT","451","MAHESANA","25516","1937","292","27745","2023-08-27"
"GUJARAT","669","MAHISAGAR","3919","75","3","3997","2023-08-27"
"GUJARAT","673","MORBI","23700","2631","494","26825","2023-08-27"
"GUJARAT","452","NARMADA","2972","66","1","3039","2023-08-27"
"GUJARAT","453","NAVSARI","18003","540","33","18576","2023-08-27"
"GUJARAT","454","PANCH MAHALS","11638","378","35","12051","2023-08-27"
"GUJARAT","455","PATAN","11009","431","31","11471","2023-08-27"
"GUJARAT","456","PORBANDAR","8685","326","18","9029","2023-08-27"
"GUJARAT","457","RAJKOT","132446","6073","654","139173","2023-08-27"
"GUJARAT","458","SABAR KANTHA","15799","640","73","16512","2023-08-27"
"GUJARAT","459","SURAT","268927","15101","1203","285231","2023-08-27"
"GUJARAT","460","SURENDRANAGAR","18377","691","48","19116","2023-08-27"
"GUJARAT","641","TAPI","4591","166","9","4766","2023-08-27"
"GUJARAT","461","VADODARA","105162","3963","449","109574","2023-08-27"
"GUJARAT","462","VALSAD","39934","2165","215","42314","2023-08-27"
"HARYANA","58","AMBALA","28542","992","64","29598","2023-08-27"
"HARYANA","59","BHIWANI","21391","816","59","22266","2023-08-27"
"HARYANA","701","CHARKI DADRI","3686","135","2","3823","2023-08-27"
"HARYANA","60","FARIDABAD","64501","3909","432","68842","2023-08-27"
"HARYANA","61","FATEHABAD","17581","504","36","18121","2023-08-27"
"HARYANA","62","GURUGRAM","72205","4898","704","77807","2023-08-27"
"HARYANA","63","HISAR","37482","1342","126","38950","2023-08-27"
"HARYANA","64","JHAJJAR","16127","1089","67","17283","2023-08-27"
"HARYANA","65","JIND","24661","697","43","25401","2023-08-27"
"HARYANA","66","KAITHAL","26127","624","58","26809","2023-08-27"
"HARYANA","67","KARNAL","46647","1580","174","48401","2023-08-27"
"HARYANA","68","KURUKSHETRA","29341","695","30","30066","2023-08-27"
"HARYANA","69","MAHENDRAGARH","13838","395","17","14250","2023-08-27"
"HARYANA","604","NUH","9658","286","16","9960","2023-08-27"
"HARYANA","619","PALWAL","14112","456","34","14602","2023-08-27"
"HARYANA","70","PANCHKULA","15838","893","69","16800","2023-08-27"
"HARYANA","71","PANIPAT","37889","2688","180","40757","2023-08-27"
"HARYANA","72","REWARI","16446","736","65","17247","2023-08-27"
"HARYANA","73","ROHTAK","20100","946","72","21118","2023-08-27"
"HARYANA","74","SIRSA","25190","724","82","25996","2023-08-27"
"HARYANA","75","SONIPAT","27990","1720","192","29902","2023-08-27"
"HARYANA","76","YAMUNANAGAR","30290","1194","51","31535","2023-08-27"
"HIMACHAL PRADESH","15","BILASPUR","5168","93","7","5268","2023-08-27"
"HIMACHAL PRADESH","16","CHAMBA","4483","69","1","4553","2023-08-27"
"HIMACHAL PRADESH","17","HAMIRPUR","6061","107","5","6173","2023-08-27"
"HIMACHAL PRADESH","18","KANGRA","17891","438","31","18360","2023-08-27"
"HIMACHAL PRADESH","19","KINNAUR","1347","19","NA","1366","2023-08-27"
"HIMACHAL PRADESH","20","KULLU","8614","144","2","8760","2023-08-27"
"HIMACHAL PRADESH","21","LAHUL AND SPITI","575","NA","NA","575","2023-08-27"
"HIMACHAL PRADESH","22","MANDI","11883","229","10","12122","2023-08-27"
"HIMACHAL PRADESH","23","SHIMLA","13488","298","15","13801","2023-08-27"
"HIMACHAL PRADESH","24","SIRMAUR","6780","316","84","7180","2023-08-27"
"HIMACHAL PRADESH","25","SOLAN","18396","1121","196","19713","2023-08-27"
"HIMACHAL PRADESH","26","UNA","7512","219","18","7749","2023-08-27"
"JHARKHAND","322","BOKARO ","25833","472","37","26342","2023-08-27"
"JHARKHAND","323","CHATRA","8075","71","2","8148","2023-08-27"
"JHARKHAND","324","DEOGHAR","11968","236","18","12222","2023-08-27"
"JHARKHAND","325","DHANBAD","33480","861","55","34396","2023-08-27"
"JHARKHAND","326","DUMKA","7602","138","11","7751","2023-08-27"
"JHARKHAND","327","EAST SINGHBHUM","33607","1132","68","34807","2023-08-27"
"JHARKHAND","328","GARHWA ","7008","99","4","7111","2023-08-27"
"JHARKHAND","329","GIRIDIH","19060","273","11","19344","2023-08-27"
"JHARKHAND","330","GODDA","7883","99","4","7986","2023-08-27"
"JHARKHAND","331","GUMLA ","4312","68","NA","4380","2023-08-27"
"JHARKHAND","332","HAZARIBAG ","21803","303","17","22123","2023-08-27"
"JHARKHAND","333","JAMTARA","3919","47","NA","3966","2023-08-27"
"JHARKHAND","606","KHUNTI ","2770","34","NA","2804","2023-08-27"
"JHARKHAND","334","KODERMA ","8821","135","8","8964","2023-08-27"
"JHARKHAND","335","LATEHAR","4099","49","3","4151","2023-08-27"
"JHARKHAND","336","LOHARDAGA ","4213","55","3","4271","2023-08-27"
"JHARKHAND","337","PAKUR ","4549","78","2","4629","2023-08-27"
"JHARKHAND","338","PALAMU","10495","204","10","10709","2023-08-27"
"JHARKHAND","607","RAMGARH ","12893","233","19","13145","2023-08-27"
"JHARKHAND","339","RANCHI ","52564","1556","132","54252","2023-08-27"
"JHARKHAND","340","SAHEBGANJ","5959","117","7","6083","2023-08-27"
"JHARKHAND","341","SERAIKELA-KHARSAWAN  ","9728","396","59","10183","2023-08-27"
"JHARKHAND","342","SIMDEGA ","2509","43","1","2553","2023-08-27"
"JHARKHAND","343","WEST SINGHBHUM","7848","154","6","8008","2023-08-27"
"KARNATAKA","524","BAGALKOT","22942","448","19","23409","2023-08-27"
"KARNATAKA","528","BALLARI","26116","1111","111","27338","2023-08-27"
"KARNATAKA","527","BELAGAVI","72862","1375","93","74330","2023-08-27"
"KARNATAKA","526","BENGALURU (RURAL)","53214","1677","195","55086","2023-08-27"
"KARNATAKA","525","BENGALURU (URBAN)","278568","14969","1771","295308","2023-08-27"
"KARNATAKA","529","BIDAR","18682","348","29","19059","2023-08-27"
"KARNATAKA","531","CHAMARAJNAGAR","9634","215","4","9853","2023-08-27"
"KARNATAKA","630","CHIKBALLAPUR","15709","343","15","16067","2023-08-27"
"KARNATAKA","532","CHIKKAMAGALURU","15657","401","26","16084","2023-08-27"
"KARNATAKA","533","CHITRADURGA","15834","434","27","16295","2023-08-27"
"KARNATAKA","534","DAKSHIN KANNAD","43394","1394","120","44908","2023-08-27"
"KARNATAKA","535","DAVANGERE","22478","669","37","23184","2023-08-27"
"KARNATAKA","536","DHARWAD","43038","1187","90","44315","2023-08-27"
"KARNATAKA","537","GADAG","12898","305","12","13215","2023-08-27"
"KARNATAKA","539","HASSAN","25245","675","27","25947","2023-08-27"
"KARNATAKA","540","HAVERI","18395","456","27","18878","2023-08-27"
"KARNATAKA","538","KALABURAGI","21506","722","45","22273","2023-08-27"
"KARNATAKA","541","KODAGU","8257","217","25","8499","2023-08-27"
"KARNATAKA","542","KOLAR","17259","543","39","17841","2023-08-27"
"KARNATAKA","543","KOPPAL","12458","574","29","13061","2023-08-27"
"KARNATAKA","544","MANDYA","21106","497","6","21609","2023-08-27"
"KARNATAKA","545","MYSURU","53010","1458","100","54568","2023-08-27"
"KARNATAKA","546","RAICHUR","18272","863","72","19207","2023-08-27"
"KARNATAKA","631","RAMANAGARA","15343","402","26","15771","2023-08-27"
"KARNATAKA","547","SHIVAMOGGA","29010","707","51","29768","2023-08-27"
"KARNATAKA","548","TUMAKURU","34710","1004","63","35777","2023-08-27"
"KARNATAKA","549","UDUPI","25685","752","56","26493","2023-08-27"
"KARNATAKA","550","UTTAR KANNAD","24240","393","10","24643","2023-08-27"
"KARNATAKA","738","VIJAYANAGAR","4757","143","1","4901","2023-08-27"
"KARNATAKA","530","VIJAYAPURA","25783","665","48","26496","2023-08-27"
"KARNATAKA","635","YADGIR","11226","261","15","11502","2023-08-27"
"KERALA","554","ALAPPUZHA","25140","751","34","25925","2023-08-27"
"KERALA","555","ERNAKULAM","61512","3854","366","65732","2023-08-27"
"KERALA","556","IDUKKI","13238","442","22","13702","2023-08-27"
"KERALA","557","KANNUR","30133","846","57","31036","2023-08-27"
"KERALA","558","KASARAGOD","14191","376","20","14587","2023-08-27"
"KERALA","559","KOLLAM","28997","1097","51","30145","2023-08-27"
"KERALA","560","KOTTAYAM","23436","980","78","24494","2023-08-27"
"KERALA","561","KOZHIKODE","39797","1179","124","41100","2023-08-27"
"KERALA","562","MALAPPURAM","32520","1151","68","33739","2023-08-27"
"KERALA","563","PALAKKAD","34856","961","85","35902","2023-08-27"
"KERALA","564","PATHANAMTHIPTA","14671","371","21","15063","2023-08-27"
"KERALA","565","THIRUVANANTHAPURAM","53791","1291","94","55176","2023-08-27"
"KERALA","566","THRISSUR","41691","1463","137","43291","2023-08-27"
"KERALA","567","WAYANAD","10665","277","18","10960","2023-08-27"
"MADHYA PRADESH","667","AGAR MALWA","7682","150","3","7835","2023-08-27"
"MADHYA PRADESH","639","ALIRAJPUR","3026","61","NA","3087","2023-08-27"
"MADHYA PRADESH","390","ANUPPUR","4941","65","3","5009","2023-08-27"
"MADHYA PRADESH","391","ASHOKNAGAR","6151","171","4","6326","2023-08-27"
"MADHYA PRADESH","392","BALAGHAT","17112","312","12","17436","2023-08-27"
"MADHYA PRADESH","393","BARWANI","11437","281","30","11748","2023-08-27"
"MADHYA PRADESH","394","BETUL","15092","269","13","15374","2023-08-27"
"MADHYA PRADESH","395","BHIND","8679","157","5","8841","2023-08-27"
"MADHYA PRADESH","396","BHOPAL","56867","1889","158","58914","2023-08-27"
"MADHYA PRADESH","397","BURHANPUR","8697","248","14","8959","2023-08-27"
"MADHYA PRADESH","398","CHHATARPUR","11951","326","6","12283","2023-08-27"
"MADHYA PRADESH","399","CHHINDWARA","25696","475","38","26209","2023-08-27"
"MADHYA PRADESH","400","DAMOH","8128","172","4","8304","2023-08-27"
"MADHYA PRADESH","401","DATIA","5786","112","2","5900","2023-08-27"
"MADHYA PRADESH","402","DEWAS","22759","447","32","23238","2023-08-27"
"MADHYA PRADESH","403","DHAR","25321","733","81","26135","2023-08-27"
"MADHYA PRADESH","404","DINDORI","3877","26","NA","3903","2023-08-27"
"MADHYA PRADESH","405","EAST NIMAR","11277","320","36","11633","2023-08-27"
"MADHYA PRADESH","406","GUNA","14200","320","10","14530","2023-08-27"
"MADHYA PRADESH","407","GWALIOR","42021","1227","85","43333","2023-08-27"
"MADHYA PRADESH","408","HARDA","6748","160","9","6917","2023-08-27"
"MADHYA PRADESH","409","HOSHANGABAD","12829","372","32","13233","2023-08-27"
"MADHYA PRADESH","410","INDORE","97457","4984","516","102957","2023-08-27"
"MADHYA PRADESH","411","JABALPUR","37063","1052","75","38190","2023-08-27"
"MADHYA PRADESH","412","JHABUA","7056","142","11","7209","2023-08-27"
"MADHYA PRADESH","413","KATNI","12645","519","54","13218","2023-08-27"
"MADHYA PRADESH","414","KHARGONE","19494","444","27","19965","2023-08-27"
"MADHYA PRADESH","415","MANDLA","7733","141","2","7876","2023-08-27"
"MADHYA PRADESH","416","MANDSAUR","24890","464","13","25367","2023-08-27"
"MADHYA PRADESH","417","MORENA","13575","318","36","13929","2023-08-27"
"MADHYA PRADESH","418","NARSINGHPUR","10864","276","20","11160","2023-08-27"
"MADHYA PRADESH","419","NEEMUCH","14214","327","24","14565","2023-08-27"
"MADHYA PRADESH","722","NIWARI","1408","39","NA","1447","2023-08-27"
"MADHYA PRADESH","420","PANNA","5995","75","1","6071","2023-08-27"
"MADHYA PRADESH","421","RAISEN","12894","387","28","13309","2023-08-27"
"MADHYA PRADESH","422","RAJGARH","22604","365","10","22979","2023-08-27"
"MADHYA PRADESH","423","RATLAM","22656","613","45","23314","2023-08-27"
"MADHYA PRADESH","424","REWA","21205","358","12","21575","2023-08-27"
"MADHYA PRADESH","425","SAGAR","21690","467","22","22179","2023-08-27"
"MADHYA PRADESH","426","SATNA","19473","481","30","19984","2023-08-27"
"MADHYA PRADESH","427","SEHORE","19203","359","12","19574","2023-08-27"
"MADHYA PRADESH","428","SEONI","12614","263","9","12886","2023-08-27"
"MADHYA PRADESH","429","SHAHDOL","8476","174","3","8653","2023-08-27"
"MADHYA PRADESH","430","SHAJAPUR","14738","282","3","15023","2023-08-27"
"MADHYA PRADESH","431","SHEOPUR","2637","111","1","2749","2023-08-27"
"MADHYA PRADESH","432","SHIVPURI","11625","343","10","11978","2023-08-27"
"MADHYA PRADESH","433","SIDHI","6352","86","3","6441","2023-08-27"
"MADHYA PRADESH","638","SINGRAULI","8202","212","7","8421","2023-08-27"
"MADHYA PRADESH","434","TIKAMGARH","5930","150","9","6089","2023-08-27"
"MADHYA PRADESH","435","UJJAIN","34295","823","34","35152","2023-08-27"
"MADHYA PRADESH","436","UMARIA","3494","49","1","3544","2023-08-27"
"MADHYA PRADESH","437","VIDISHA","15680","370","8","16058","2023-08-27"
"MAHARASHTRA","466","AHMEDNAGAR","118838","2085","135","121058","2023-08-27"
"MAHARASHTRA","467","AKOLA","34245","773","82","35100","2023-08-27"
"MAHARASHTRA","468","AMRAVATI","49211","923","64","50198","2023-08-27"
"MAHARASHTRA","469","AURANGABAD","135041","2315","260","137616","2023-08-27"
"MAHARASHTRA","470","BEED","43960","636","49","44645","2023-08-27"
"MAHARASHTRA","471","BHANDARA","20426","235","13","20674","2023-08-27"
"MAHARASHTRA","472","BULDHANA","41447","683","56","42186","2023-08-27"
"MAHARASHTRA","473","CHANDRAPUR","29720","620","61","30401","2023-08-27"
"MAHARASHTRA","474","DHULE","28619","636","58","29313","2023-08-27"
"MAHARASHTRA","475","GADCHIROLI","10984","187","7","11178","2023-08-27"
"MAHARASHTRA","476","GONDIA","21174","522","25","21721","2023-08-27"
"MAHARASHTRA","477","HINGOLI","15299","282","18","15599","2023-08-27"
"MAHARASHTRA","478","JALGAON","75356","1555","103","77014","2023-08-27"
"MAHARASHTRA","479","JALNA","42797","614","84","43495","2023-08-27"
"MAHARASHTRA","480","KOLHAPUR","131916","3095","289","135300","2023-08-27"
"MAHARASHTRA","481","LATUR","44747","841","98","45686","2023-08-27"
"MAHARASHTRA","482","MUMBAI ","214601","14716","2710","232027","2023-08-27"
"MAHARASHTRA","483","MUMBAI SUBURBAN","251896","9475","1438","262809","2023-08-27"
"MAHARASHTRA","484","NAGPUR","142654","4281","509","147444","2023-08-27"
"MAHARASHTRA","485","NAN DED","49783","869","61","50713","2023-08-27"
"MAHARASHTRA","486","NANDURBAR","14787","298","16","15101","2023-08-27"
"MAHARASHTRA","487","NASHIK","158073","4009","341","162423","2023-08-27"
"MAHARASHTRA","488","OSMANABAD","34985","328","14","35327","2023-08-27"
"MAHARASHTRA","665","PALGHAR","105972","2130","161","108263","2023-08-27"
"MAHARASHTRA","489","PARBHANI","28278","409","33","28720","2023-08-27"
"MAHARASHTRA","490","PUNE","488750","12880","1404","503034","2023-08-27"
"MAHARASHTRA","491","RAIGAD","110632","2001","190","112823","2023-08-27"
"MAHARASHTRA","492","RATNAGIRI","42119","367","16","42502","2023-08-27"
"MAHARASHTRA","493","SANGLI","76586","1478","117","78181","2023-08-27"
"MAHARASHTRA","494","SATARA","83200","1059","66","84325","2023-08-27"
"MAHARASHTRA","495","SINDHUDURG","23237","184","2","23423","2023-08-27"
"MAHARASHTRA","496","SOLAPUR","114683","1677","128","116488","2023-08-27"
"MAHARASHTRA","497","THANE","353396","9888","953","364237","2023-08-27"
"MAHARASHTRA","498","WARDHA","26773","397","84","27254","2023-08-27"
"MAHARASHTRA","499","WASHIM","15871","274","28","16173","2023-08-27"
"MAHARASHTRA","500","YAVATMAL","32559","571","56","33186","2023-08-27"
"MANIPUR","252","BISHNUPUR","4650","26","NA","4676","2023-08-27"
"MANIPUR","253","CHANDEL","893","4","NA","897","2023-08-27"
"MANIPUR","254","CHURACHANDPUR","2252","19","NA","2271","2023-08-27"
"MANIPUR","255","IMPHAL EAST","12438","110","6","12554","2023-08-27"
"MANIPUR","256","IMPHAL WEST","14724","282","14","15020","2023-08-27"
"MANIPUR","713","JIRIBAM","230","1","NA","231","2023-08-27"
"MANIPUR","711","KAKCHING","1382","10","NA","1392","2023-08-27"
"MANIPUR","717","KAMJONG","228","NA","NA","228","2023-08-27"
"MANIPUR","712","KANGPOKPI","808","1","NA","809","2023-08-27"
"MANIPUR","714","NONEY","171","2","NA","173","2023-08-27"
"MANIPUR","715","PHERZAWL","8","NA","NA","8","2023-08-27"
"MANIPUR","257","SENAPATI","2303","15","NA","2318","2023-08-27"
"MANIPUR","258","TAMENGLONG","576","4","2","582","2023-08-27"
"MANIPUR","716","TENGNOUPAL","502","1","NA","503","2023-08-27"
"MANIPUR","259","THOUBAL","6244","31","NA","6275","2023-08-27"
"MANIPUR","260","UKHRUL","1092","7","NA","1099","2023-08-27"
"MEGHALAYA","273","EAST GARO HILLS","477","5","NA","482","2023-08-27"
"MEGHALAYA","657","EAST JAINTIA HILLS","815","24","NA","839","2023-08-27"
"MEGHALAYA","274","EAST KHASI HILLS","4311","173","18","4502","2023-08-27"
"MEGHALAYA","740","EASTERN WEST KHASI HILLS","91","NA","NA","91","2023-08-27"
"MEGHALAYA","656","NORTH GARO HILLS","385","2","NA","387","2023-08-27"
"MEGHALAYA","276","RI BHOI","1205","63","18","1286","2023-08-27"
"MEGHALAYA","277","SOUTH GARO HILLS","345","6","NA","351","2023-08-27"
"MEGHALAYA","663","SOUTH WEST  GARO HILLS","652","4","NA","656","2023-08-27"
"MEGHALAYA","658","SOUTH WEST KHASI HILLS","278","2","NA","280","2023-08-27"
"MEGHALAYA","278","WEST GARO HILLS","2396","49","2","2447","2023-08-27"
"MEGHALAYA","275","WEST JAINTIA HILLS","1206","7","NA","1213","2023-08-27"
"MEGHALAYA","279","WEST KHASI HILLS","511","4","1","516","2023-08-27"
"MIZORAM","261","AIZAWL","7942","124","5","8071","2023-08-27"
"MIZORAM","262","CHAMPHAI","1286","13","NA","1299","2023-08-27"
"MIZORAM","726","Hnahthial","218","NA","NA","218","2023-08-27"
"MIZORAM","728","Khawzawl","272","1","NA","273","2023-08-27"
"MIZORAM","263","KOLASIB","1343","13","NA","1356","2023-08-27"
"MIZORAM","264","LAWNGTLAI","473","NA","NA","473","2023-08-27"
"MIZORAM","265","LUNGLEI","1795","12","NA","1807","2023-08-27"
"MIZORAM","266","MAMIT","517","1","NA","518","2023-08-27"
"MIZORAM","267","SAIHA","245","3","NA","248","2023-08-27"
"MIZORAM","727","Saitual","411","NA","NA","411","2023-08-27"
"MIZORAM","268","SERCHHIP","968","6","1","975","2023-08-27"
"NAGALAND","758","Chumoukedima","561","1","NA","562","2023-08-27"
"NAGALAND","244","DIMAPUR","5309","121","11","5441","2023-08-27"
"NAGALAND","614","KIPHRIE","496","1","NA","497","2023-08-27"
"NAGALAND","245","KOHIMA","2309","30","NA","2339","2023-08-27"
"NAGALAND","615","LONGLENG","302","NA","NA","302","2023-08-27"
"NAGALAND","246","MOKOKCHUNG","1006","12","NA","1018","2023-08-27"
"NAGALAND","247","MON","792","2","NA","794","2023-08-27"
"NAGALAND","764","Niuland","138","1","1","140","2023-08-27"
"NAGALAND","736","Noklak","93","NA","NA","93","2023-08-27"
"NAGALAND","613","PEREN","578","NA","NA","578","2023-08-27"
"NAGALAND","248","PHEK","1057","NA","NA","1057","2023-08-27"
"NAGALAND","765","Shamator","15","NA","NA","15","2023-08-27"
"NAGALAND","757","Tseminyu","183","NA","NA","183","2023-08-27"
"NAGALAND","249","TUENSANG","664","NA","NA","664","2023-08-27"
"NAGALAND","250","WOKHA","780","6","NA","786","2023-08-27"
"NAGALAND","251","ZUNHEBOTO","1057","3","NA","1060","2023-08-27"
"ODISHA","344","ANGUL","12894","426","36","13356","2023-08-27"
"ODISHA","345","BALANGIR","10821","305","14","11140","2023-08-27"
"ODISHA","346","BALESHWAR","19675","542","24","20241","2023-08-27"
"ODISHA","347","BARGARH","11276","334","17","11627","2023-08-27"
"ODISHA","348","BHADRAK","12304","245","15","12564","2023-08-27"
"ODISHA","349","BOUDH","3056","51","3","3110","2023-08-27"
"ODISHA","350","CUTTACK","36320","1166","96","37582","2023-08-27"
"ODISHA","351","DEOGARH","2351","24","NA","2375","2023-08-27"
"ODISHA","352","DHENKANAL","10113","207","6","10326","2023-08-27"
"ODISHA","353","GAJAPATI","3075","55","2","3132","2023-08-27"
"ODISHA","354","GANJAM","32835","806","25","33666","2023-08-27"
"ODISHA","355","JAGATSINGHPUR","12187","255","6","12448","2023-08-27"
"ODISHA","356","JAJAPUR","17062","492","34","17588","2023-08-27"
"ODISHA","357","JHARSUGUDA","7322","317","27","7666","2023-08-27"
"ODISHA","358","KALAHANDI","8987","278","9","9274","2023-08-27"
"ODISHA","359","KANDHAMAL","4563","40","1","4604","2023-08-27"
"ODISHA","360","KENDRAPARA","10651","151","5","10807","2023-08-27"
"ODISHA","361","KENDUJHAR","16422","491","58","16971","2023-08-27"
"ODISHA","362","KHORDHA","50244","2028","209","52481","2023-08-27"
"ODISHA","363","KORAPUT","8153","244","8","8405","2023-08-27"
"ODISHA","364","MALKANGIRI  ","3245","71","1","3317","2023-08-27"
"ODISHA","365","MAYURBHANJ","14135","306","7","14448","2023-08-27"
"ODISHA","366","NABARANGPUR","4172","147","6","4325","2023-08-27"
"ODISHA","367","NAYAGARH","8705","122","7","8834","2023-08-27"
"ODISHA","368","NUAPADA","3638","74","2","3714","2023-08-27"
"ODISHA","369","PURI","20618","238","8","20864","2023-08-27"
"ODISHA","370","RAYAGADA","6259","162","3","6424","2023-08-27"
"ODISHA","371","SAMBALPUR","11382","437","28","11847","2023-08-27"
"ODISHA","372","SONEPUR","4509","93","2","4604","2023-08-27"
"ODISHA","373","SUNDARGARH","20551","931","140","21622","2023-08-27"
"PUNJAB","27","AMRITSAR","55075","1802","115","56992","2023-08-27"
"PUNJAB","605","BARNALA","13819","298","8","14125","2023-08-27"
"PUNJAB","28","BATHINDA","31669","949","67","32685","2023-08-27"
"PUNJAB","29","FARIDKOT","14525","264","23","14812","2023-08-27"
"PUNJAB","30","FATEHGARH SAHIB","13593","1132","309","15034","2023-08-27"
"PUNJAB","651","FAZILKA","16201","381","49","16631","2023-08-27"
"PUNJAB","31","FIROZEPUR","18688","306","20","19014","2023-08-27"
"PUNJAB","32","GURDASPUR","23474","461","25","23960","2023-08-27"
"PUNJAB","33","HOSHIARPUR","28316","529","17","28862","2023-08-27"
"PUNJAB","34","JALANDHAR","67963","2031","182","70176","2023-08-27"
"PUNJAB","35","KAPURTHALA","20996","371","26","21393","2023-08-27"
"PUNJAB","36","LUDHIANA","127603","7665","747","136015","2023-08-27"
"PUNJAB","737","MALERKOTLA","4397","53","1","4451","2023-08-27"
"PUNJAB","37","MANSA","13303","292","16","13611","2023-08-27"
"PUNJAB","38","MOGA","23178","374","22","23574","2023-08-27"
"PUNJAB","662","PATHANKOT","10408","290","9","10707","2023-08-27"
"PUNJAB","41","PATIALA","54146","1158","115","55419","2023-08-27"
"PUNJAB","42","RUPNAGAR","12757","271","12","13040","2023-08-27"
"PUNJAB","43","SANGRUR","30507","873","53","31433","2023-08-27"
"PUNJAB","608","SAS NAGAR","51076","1682","151","52909","2023-08-27"
"PUNJAB","40","SHAHID BHAGAT SINGH NAGAR","13538","177","4","13719","2023-08-27"
"PUNJAB","39","SRI MUKTSAR SAHIB","16502","415","22","16939","2023-08-27"
"PUNJAB","609","TARN TARAN","14490","149","5","14644","2023-08-27"
"RAJASTHAN","86","AJMER","69344","1891","118","71353","2023-08-27"
"RAJASTHAN","87","ALWAR","62232","2058","225","64515","2023-08-27"
"RAJASTHAN","88","BANSWARA","15211","214","6","15431","2023-08-27"
"RAJASTHAN","89","BARAN","13494","316","24","13834","2023-08-27"
"RAJASTHAN","90","BARMER","34177","1207","64","35448","2023-08-27"
"RAJASTHAN","91","BHARATPUR","21882","547","49","22478","2023-08-27"
"RAJASTHAN","92","BHILWARA","60439","1514","128","62081","2023-08-27"
"RAJASTHAN","93","BIKANER","57682","1688","106","59476","2023-08-27"
"RAJASTHAN","94","BUNDI","15976","243","18","16237","2023-08-27"
"RAJASTHAN","95","CHITTORGARH","32144","632","33","32809","2023-08-27"
"RAJASTHAN","96","CHURU","34850","402","15","35267","2023-08-27"
"RAJASTHAN","97","DAUSA","22322","302","11","22635","2023-08-27"
"RAJASTHAN","98","DHOLPUR","7307","152","12","7471","2023-08-27"
"RAJASTHAN","99","DUNGARPUR","13206","127","2","13335","2023-08-27"
"RAJASTHAN","100","GANGANAGAR","48097","993","100","49190","2023-08-27"
"RAJASTHAN","101","HANUMANGARH","35533","526","60","36119","2023-08-27"
"RAJASTHAN","102","JAIPUR","279901","8981","877","289759","2023-08-27"
"RAJASTHAN","103","JAISALMER","10600","172","2","10774","2023-08-27"
"RAJASTHAN","104","JALORE","18961","360","7","19328","2023-08-27"
"RAJASTHAN","105","JHALAWAR","17866","333","10","18209","2023-08-27"
"RAJASTHAN","106","JHUNJHUNU","36954","443","23","37420","2023-08-27"
"RAJASTHAN","107","JODHPUR","91874","3014","210","95098","2023-08-27"
"RAJASTHAN","108","KARAULI","10214","157","4","10375","2023-08-27"
"RAJASTHAN","109","KOTA","44321","1381","112","45814","2023-08-27"
"RAJASTHAN","110","NAGAUR","52620","919","42","53581","2023-08-27"
"RAJASTHAN","111","PALI","38937","1037","53","40027","2023-08-27"
"RAJASTHAN","629","PRATAPGARH","9267","121","1","9389","2023-08-27"
"RAJASTHAN","112","RAJSAMAND","24073","408","8","24489","2023-08-27"
"RAJASTHAN","113","SAWAI MADHOPUR","14643","255","5","14903","2023-08-27"
"RAJASTHAN","114","SIKAR","53101","788","36","53925","2023-08-27"
"RAJASTHAN","115","SIROHI","15659","314","14","15987","2023-08-27"
"RAJASTHAN","116","TONK","21180","423","28","21631","2023-08-27"
"RAJASTHAN","117","UDAIPUR","56335","1493","143","57971","2023-08-27"
"SIKKIM","225","Gangtok","3750","95","10","3855","2023-08-27"
"SIKKIM","228","Gyalshing","693","7","NA","700","2023-08-27"
"SIKKIM","226","Mangan","401","5","NA","406","2023-08-27"
"SIKKIM","227","Namchi","1238","17","2","1257","2023-08-27"
"SIKKIM","741","Pakyong","585","5","NA","590","2023-08-27"
"SIKKIM","742","Soreng","218","1","NA","219","2023-08-27"
"TAMIL NADU","610","ARIYALUR","14894","163","8","15065","2023-08-27"
"TAMIL NADU","730","Chengalpattu","39501","422","16","39939","2023-08-27"
"TAMIL NADU","568","CHENNAI","220242","10285","1244","231771","2023-08-27"
"TAMIL NADU","569","COIMBATORE","147561","5693","596","153850","2023-08-27"
"TAMIL NADU","570","CUDDALORE","49558","670","40","50268","2023-08-27"
"TAMIL NADU","571","DHARMAPURI","36751","385","14","37150","2023-08-27"
"TAMIL NADU","572","DINDIGUL","52703","924","62","53689","2023-08-27"
"TAMIL NADU","573","ERODE","67392","2150","161","69703","2023-08-27"
"TAMIL NADU","729","Kallakurichi","12557","161","9","12727","2023-08-27"
"TAMIL NADU","574","KANCHIPURAM","63197","2058","258","65513","2023-08-27"
"TAMIL NADU","575","KANNIYAKUMARI","48804","775","43","49622","2023-08-27"
"TAMIL NADU","576","KARUR","22568","665","39","23272","2023-08-27"
"TAMIL NADU","577","KRISHNAGIRI","46474","1237","89","47800","2023-08-27"
"TAMIL NADU","578","MADURAI","86410","1849","126","88385","2023-08-27"
"TAMIL NADU","735","Mayiladuthurai","12239","100","1","12340","2023-08-27"
"TAMIL NADU","579","NAGAPATTINAM","18813","174","1","18988","2023-08-27"
"TAMIL NADU","580","NAMAKKAL","48746","1630","168","50544","2023-08-27"
"TAMIL NADU","581","PERAMBALUR","9941","175","8","10124","2023-08-27"
"TAMIL NADU","582","PUDUKKOTTAI","33037","440","23","33500","2023-08-27"
"TAMIL NADU","583","RAMANATHAPURAM","23881","271","11","24163","2023-08-27"
"TAMIL NADU","731","Ranipet","20631","177","2","20810","2023-08-27"
"TAMIL NADU","584","SALEM","103823","2359","162","106344","2023-08-27"
"TAMIL NADU","585","SIVAGANGA","26711","302","17","27030","2023-08-27"
"TAMIL NADU","733","Tenkasi","19561","247","5","19813","2023-08-27"
"TAMIL NADU","586","THANJAVUR","49152","714","38","49904","2023-08-27"
"TAMIL NADU","587","THE NILGIRISH","12976","220","10","13206","2023-08-27"
"TAMIL NADU","588","THENI","29996","508","34","30538","2023-08-27"
"TAMIL NADU","589","THIRUVALLUR","76314","2106","188","78608","2023-08-27"
"TAMIL NADU","590","THIRUVARUR","23455","232","13","23700","2023-08-27"
"TAMIL NADU","591","TIRUCHIRAPPALLI","62226","1139","66","63431","2023-08-27"
"TAMIL NADU","592","TIRUNELVELI","44350","859","38","45247","2023-08-27"
"TAMIL NADU","732","Tirupathur","15528","101","2","15631","2023-08-27"
"TAMIL NADU","634","TIRUPPUR","95356","4853","403","100612","2023-08-27"
"TAMIL NADU","593","TIRUVANNAMALAI","37563","531","16","38110","2023-08-27"
"TAMIL NADU","594","TUTICORIN","39198","898","69","40165","2023-08-27"
"TAMIL NADU","595","VELLORE","48970","917","66","49953","2023-08-27"
"TAMIL NADU","596","VILLUPURAM","42590","626","28","43244","2023-08-27"
"TAMIL NADU","597","VIRUDHUNAGAR","48595","1255","120","49970","2023-08-27"
"TELANGANA","501","ADILABAD","8011","189","24","8224","2023-08-27"
"TELANGANA","690","BHADRADRI KOTHAGUDEM","11047","221","8","11276","2023-08-27"
"TELANGANA","686","Hanumakonda","19935","694","55","20684","2023-08-27"
"TELANGANA","507","HYDERABAD","110005","8078","1352","119435","2023-08-27"
"TELANGANA","681","Jagitial","10832","182","5","11019","2023-08-27"
"TELANGANA","689","JANGOAN","5957","100","4","6061","2023-08-27"
"TELANGANA","687","JAYASHANKAR BHUPALAPALLY","3883","53","3","3939","2023-08-27"
"TELANGANA","695","JOGULAMBA GADWAL","5363","122","5","5490","2023-08-27"
"TELANGANA","685","KAMAREDDY","9578","182","6","9766","2023-08-27"
"TELANGANA","508","KARIMNAGAR","24323","629","33","24985","2023-08-27"
"TELANGANA","509","KHAMMAM","20524","550","35","21109","2023-08-27"
"TELANGANA","699","KOMARAM BHEEM ASIFABAD","3130","65","7","3202","2023-08-27"
"TELANGANA","688","MAHABUBABAD","7597","131","9","7737","2023-08-27"
"TELANGANA","512","MAHABUBNAGAR","16839","338","27","17204","2023-08-27"
"TELANGANA","684","MANCHERIAL","9300","164","8","9472","2023-08-27"
"TELANGANA","513","MEDAK","10029","292","26","10347","2023-08-27"
"TELANGANA","700","MEDCHAL MALKAJGIRI","57641","3185","292","61118","2023-08-27"
"TELANGANA","720","Mulugu","2046","30","1","2077","2023-08-27"
"TELANGANA","694","NAGARKURNOOL","7698","134","6","7838","2023-08-27"
"TELANGANA","514","NALGONDA","29482","517","51","30050","2023-08-27"
"TELANGANA","721","Narayanpet","3432","50","2","3484","2023-08-27"
"TELANGANA","680","Nirmal","6091","167","13","6271","2023-08-27"
"TELANGANA","516","NIZAMABAD","24660","487","24","25171","2023-08-27"
"TELANGANA","682","PEDDAPALLI","10774","226","8","11008","2023-08-27"
"TELANGANA","683","RAJANNA SIRCILLA","6775","99","2","6876","2023-08-27"
"TELANGANA","518","RANGA REDDI","69075","3043","370","72488","2023-08-27"
"TELANGANA","691","SANGAREDDY","17328","610","73","18011","2023-08-27"
"TELANGANA","692","SIDDIPET","12732","330","23","13085","2023-08-27"
"TELANGANA","696","SURYAPET","16839","337","17","17193","2023-08-27"
"TELANGANA","698","VIKARABAD","8553","156","8","8717","2023-08-27"
"TELANGANA","693","WANAPARTHY","5744","100","NA","5844","2023-08-27"
"TELANGANA","522","Warangal","10262","179","11","10452","2023-08-27"
"TELANGANA","697","YADADRI BHUVANAGIRI","11295","200","15","11510","2023-08-27"
"TRIPURA","269","DHALAI","2298","29","1","2328","2023-08-27"
"TRIPURA","654","GOMATI","4247","57","1","4305","2023-08-27"
"TRIPURA","652","KHOWAI","2092","23","1","2116","2023-08-27"
"TRIPURA","270","NORTH TRIPURA","4515","67","2","4584","2023-08-27"
"TRIPURA","653","SEPAHIJALA","3301","57","4","3362","2023-08-27"
"TRIPURA","271","SOUTH TRIPURA","3718","65","3","3786","2023-08-27"
"TRIPURA","655","UNAKOTI","2391","34","1","2426","2023-08-27"
"TRIPURA","272","WEST TRIPURA","11530","414","41","11985","2023-08-27"
"UTTAR PRADESH","118","AGRA","71031","2241","199","73471","2023-08-27"
"UTTAR PRADESH","119","ALIGARH","43436","1090","94","44620","2023-08-27"
"UTTAR PRADESH","121","AMBEDAKAR NAGAR","14104","249","7","14360","2023-08-27"
"UTTAR PRADESH","640","AMETHI","11183","205","15","11403","2023-08-27"
"UTTAR PRADESH","154","AMROHA","11448","303","12","11763","2023-08-27"
"UTTAR PRADESH","122","AURAIYA","7515","144","1","7660","2023-08-27"
"UTTAR PRADESH","140","AYODHYA","18664","393","15","19072","2023-08-27"
"UTTAR PRADESH","123","AZAMGARH","26899","365","12","27276","2023-08-27"
"UTTAR PRADESH","124","BAGHPAT","17953","181","9","18143","2023-08-27"
"UTTAR PRADESH","125","BAHRAICH","11849","351","26","12226","2023-08-27"
"UTTAR PRADESH","126","BALLIA","17081","297","10","17388","2023-08-27"
"UTTAR PRADESH","127","BALRAMPUR","6538","136","6","6680","2023-08-27"
"UTTAR PRADESH","128","BANDA","7914","156","5","8075","2023-08-27"
"UTTAR PRADESH","129","BARABANKI","19368","470","36","19874","2023-08-27"
"UTTAR PRADESH","130","BAREILLY","42944","1127","103","44174","2023-08-27"
"UTTAR PRADESH","131","BASTI","13706","307","16","14029","2023-08-27"
"UTTAR PRADESH","179","BHADOHI","14634","209","5","14848","2023-08-27"
"UTTAR PRADESH","132","BIJNOR","16707","428","17","17152","2023-08-27"
"UTTAR PRADESH","133","BUDAUN","13047","340","11","13398","2023-08-27"
"UTTAR PRADESH","134","BULANDSHAHAR","27596","656","50","28302","2023-08-27"
"UTTAR PRADESH","135","CHANDAULI","12111","278","33","12422","2023-08-27"
"UTTAR PRADESH","136","CHITRAKOOT","6203","95","12","6310","2023-08-27"
"UTTAR PRADESH","137","DEORIA","21847","350","15","22212","2023-08-27"
"UTTAR PRADESH","138","ETAH","12379","294","15","12688","2023-08-27"
"UTTAR PRADESH","139","ETAWAH","11606","220","15","11841","2023-08-27"
"UTTAR PRADESH","141","FARRUKHABAD","11865","231","3","12099","2023-08-27"
"UTTAR PRADESH","142","FATEHPUR","13386","260","7","13653","2023-08-27"
"UTTAR PRADESH","143","FIROZABAD","23226","377","30","23633","2023-08-27"
"UTTAR PRADESH","144","GAUTAM BUDDHA NAGAR","76477","4351","598","81426","2023-08-27"
"UTTAR PRADESH","145","GHAZIABAD","87898","3827","426","92151","2023-08-27"
"UTTAR PRADESH","146","GHAZIPUR","24824","278","5","25107","2023-08-27"
"UTTAR PRADESH","147","GONDA","15243","335","16","15594","2023-08-27"
"UTTAR PRADESH","148","GORAKHAPUR","40592","1156","97","41845","2023-08-27"
"UTTAR PRADESH","149","HAMIRPUR","7039","150","7","7196","2023-08-27"
"UTTAR PRADESH","661","HAPUR","17359","593","42","17994","2023-08-27"
"UTTAR PRADESH","150","HARDOI","21885","367","18","22270","2023-08-27"
"UTTAR PRADESH","163","HATHRAS","14680","400","25","15105","2023-08-27"
"UTTAR PRADESH","151","JALAUN","7060","214","6","7280","2023-08-27"
"UTTAR PRADESH","152","JAUNPUR","28998","426","14","29438","2023-08-27"
"UTTAR PRADESH","153","JHANSI","20371","659","46","21076","2023-08-27"
"UTTAR PRADESH","155","KANNAUJ","9180","194","4","9378","2023-08-27"
"UTTAR PRADESH","156","KANPUR DEHAT","12416","267","25","12708","2023-08-27"
"UTTAR PRADESH","157","KANPUR NAGAR","71673","3212","327","75212","2023-08-27"
"UTTAR PRADESH","633","KASGANJ","9126","209","6","9341","2023-08-27"
"UTTAR PRADESH","158","KAUSHAMBI","7502","113","1","7616","2023-08-27"
"UTTAR PRADESH","160","KUSHINAGAR","17051","294","16","17361","2023-08-27"
"UTTAR PRADESH","159","LAKHIMPUR KHERI","16480","436","13","16929","2023-08-27"
"UTTAR PRADESH","161","LALITPUR","6822","163","16","7001","2023-08-27"
"UTTAR PRADESH","162","LUCKNOW","97907","3414","317","101638","2023-08-27"
"UTTAR PRADESH","164","MAHARAJGANJ","15320","273","11","15604","2023-08-27"
"UTTAR PRADESH","165","MAHOBA","6334","192","9","6535","2023-08-27"
"UTTAR PRADESH","166","MAINPURI","12795","261","9","13065","2023-08-27"
"UTTAR PRADESH","167","MATHURA","39944","844","63","40851","2023-08-27"
"UTTAR PRADESH","168","MAU","14647","202","4","14853","2023-08-27"
"UTTAR PRADESH","169","MEERUT","58899","1617","126","60642","2023-08-27"
"UTTAR PRADESH","170","MIRZAPUR","17474","344","19","17837","2023-08-27"
"UTTAR PRADESH","171","MORADABAD","35602","974","42","36618","2023-08-27"
"UTTAR PRADESH","172","MUZAFFARNAGAR","28007","775","95","28877","2023-08-27"
"UTTAR PRADESH","173","PILIBHIT","14848","255","8","15111","2023-08-27"
"UTTAR PRADESH","174","PRATAPGARH","18138","265","5","18408","2023-08-27"
"UTTAR PRADESH","120","PRAYAGRAJ","46825","1181","87","48093","2023-08-27"
"UTTAR PRADESH","175","RAE BARELI","19116","326","16","19458","2023-08-27"
"UTTAR PRADESH","176","RAMPUR","16690","458","19","17167","2023-08-27"
"UTTAR PRADESH","177","SAHARANPUR","37133","755","27","37915","2023-08-27"
"UTTAR PRADESH","659","SAMBHAL","11438","329","22","11789","2023-08-27"
"UTTAR PRADESH","178","SANT KABEER NAGAR","11527","160","13","11700","2023-08-27"
"UTTAR PRADESH","180","SHAHJAHANPUR","14941","470","35","15446","2023-08-27"
"UTTAR PRADESH","660","SHAMLI","10682","187","5","10874","2023-08-27"
"UTTAR PRADESH","181","SHRAVASTI","3305","44","NA","3349","2023-08-27"
"UTTAR PRADESH","182","SIDDHARTHNAGAR","10726","192","5","10923","2023-08-27"
"UTTAR PRADESH","183","SITAPUR","17333","395","13","17741","2023-08-27"
"UTTAR PRADESH","184","SONBHADRA","12447","307","21","12775","2023-08-27"
"UTTAR PRADESH","185","SULTANPUR","12701","258","6","12965","2023-08-27"
"UTTAR PRADESH","186","UNNAO","13715","267","15","13997","2023-08-27"
"UTTAR PRADESH","187","VARANASI","58306","1696","170","60172","2023-08-27"
"UTTARAKHAND","45","ALMORA","6509","45","4","6558","2023-08-27"
"UTTARAKHAND","46","BAGESHWAR","2396","22","1","2419","2023-08-27"
"UTTARAKHAND","47","CHAMOLI","4908","33","NA","4941","2023-08-27"
"UTTARAKHAND","48","CHAMPAWAT","3144","43","1","3188","2023-08-27"
"UTTARAKHAND","49","DEHRADUN","51787","1251","94","53132","2023-08-27"
"UTTARAKHAND","50","HARIDWAR","29684","1175","137","30996","2023-08-27"
"UTTARAKHAND","51","NAINITAL","17609","590","25","18224","2023-08-27"
"UTTARAKHAND","52","PAURI GARHWAL","7088","113","15","7216","2023-08-27"
"UTTARAKHAND","53","PITHORAGARH","5360","55","NA","5415","2023-08-27"
"UTTARAKHAND","54","RUDRA PRAYAG","2925","16","NA","2941","2023-08-27"
"UTTARAKHAND","55","TEHRI GARHWAL","6269","71","6","6346","2023-08-27"
"UTTARAKHAND","56","UDHAM SINGH NAGAR","31753","1484","110","33347","2023-08-27"
"UTTARAKHAND","57","UTTARKASHI","3784","22","1","3807","2023-08-27"
"WEST BENGAL","664","ALIPURDUAR","10352","184","12","10548","2023-08-27"
"WEST BENGAL","305","BANKURA","15236","381","18","15635","2023-08-27"
"WEST BENGAL","307","BIRBHUM","20109","553","28","20690","2023-08-27"
"WEST BENGAL","308","COOCHBEHAR","16672","340","12","17024","2023-08-27"
"WEST BENGAL","310","DAKSHIN DINAJPUR","9616","221","8","9845","2023-08-27"
"WEST BENGAL","309","DARJEELING","21935","1248","86","23269","2023-08-27"
"WEST BENGAL","317","EAST MEDINIPUR","44429","1332","55","45816","2023-08-27"
"WEST BENGAL","312","HOOGHLY","39757","1109","69","40935","2023-08-27"
"WEST BENGAL","313","HOWRAH","44858","2088","154","47100","2023-08-27"
"WEST BENGAL","314","JALPAIGURI","17991","680","36","18707","2023-08-27"
"WEST BENGAL","703","Jhargram","4397","76","NA","4473","2023-08-27"
"WEST BENGAL","702","KALIMPONG","2161","30","NA","2191","2023-08-27"
"WEST BENGAL","315","KOLKOTA","74804","9360","1473","85637","2023-08-27"
"WEST BENGAL","316","MALDA","24099","540","19","24658","2023-08-27"
"WEST BENGAL","319","MURSHIDABAD","41201","922","46","42169","2023-08-27"
"WEST BENGAL","320","NADIA","31534","669","20","32223","2023-08-27"
"WEST BENGAL","303","NORTH 24 PRAGANAS","84407","2298","163","86868","2023-08-27"
"WEST BENGAL","704","PASCHIM BARDHAMAN","26653","1087","105","27845","2023-08-27"
"WEST BENGAL","306","PURBA BARDHAMAN","32809","1096","61","33966","2023-08-27"
"WEST BENGAL","321","PURULIA","11198","273","8","11479","2023-08-27"
"WEST BENGAL","304","SOUTH 24 PRAGANAS","51774","1186","66","53026","2023-08-27"
"WEST BENGAL","311","UTTAR DINAJPUR","17168","618","17","17803","2023-08-27"
"WEST BENGAL","318","WEST MEDINIPUR","31189","830","42","32061","2023-08-27"
"ANDAMAN AND NICOBAR ISLANDS","603","NIKOBARS","295","2","NA","297","2023-08-27"
"ANDAMAN AND NICOBAR ISLANDS","632","NORTH AND MIDDLE ANDAMAN","1549","12","NA","1561","2023-08-27"
"ANDAMAN AND NICOBAR ISLANDS","602","SOUTH ANDAMANS","8006","210","10","8226","2023-08-27"
"CHANDIGARH","44","CHANDIGARH","28556","1587","178","30321","2023-08-27"
"DELHI","77","CENTRAL","29680","3836","499","34015","2023-08-27"
"DELHI","78","EAST","50288","3220","299","53807","2023-08-27"
"DELHI","79","NEW DELHI","31756","2492","393","34641","2023-08-27"
"DELHI","80","NORTH","29562","3155","357","33074","2023-08-27"
"DELHI","81","NORTH EAST","31442","1066","89","32597","2023-08-27"
"DELHI","82","NORTH WEST","85832","6289","752","92873","2023-08-27"
"DELHI","671","SHAHDARA","6958","374","28","7360","2023-08-27"
"DELHI","83","SOUTH ","52571","3960","593","57124","2023-08-27"
"DELHI","670","SOUTH EAST","14080","705","104","14889","2023-08-27"
"DELHI","84","SOUTH WEST","47441","2801","336","50578","2023-08-27"
"DELHI","85","WEST","62160","3687","371","66218","2023-08-27"
"JAMMU AND KASHMIR","1","ANANTNAG","29876","295","12","30183","2023-08-27"
"JAMMU AND KASHMIR","623","BANDIPORA","7556","23","1","7580","2023-08-27"
"JAMMU AND KASHMIR","3","BARAMULLA","21119","157","5","21281","2023-08-27"
"JAMMU AND KASHMIR","2","BUDGAM","27543","143","4","27690","2023-08-27"
"JAMMU AND KASHMIR","4","DODA","8080","39","1","8120","2023-08-27"
"JAMMU AND KASHMIR","626","GANDERBAL","13766","41","3","13810","2023-08-27"
"JAMMU AND KASHMIR","5","JAMMU","34325","1367","97","35789","2023-08-27"
"JAMMU AND KASHMIR","7","KATHUA","12099","220","19","12338","2023-08-27"
"JAMMU AND KASHMIR","620","KISHTWAR","5085","25","NA","5110","2023-08-27"
"JAMMU AND KASHMIR","622","KULGAM","10298","53","4","10355","2023-08-27"
"JAMMU AND KASHMIR","8","KUPWARA","11350","54","4","11408","2023-08-27"
"JAMMU AND KASHMIR","10","POONCH","5611","53","NA","5664","2023-08-27"
"JAMMU AND KASHMIR","11","PULWAMA","21790","256","17","22063","2023-08-27"
"JAMMU AND KASHMIR","12","RAJOURI","7544","94","1","7639","2023-08-27"
"JAMMU AND KASHMIR","621","RAMBAN","6117","36","NA","6153","2023-08-27"
"JAMMU AND KASHMIR","627","REASI","4809","41","NA","4850","2023-08-27"
"JAMMU AND KASHMIR","624","SAMBA","6911","244","38","7193","2023-08-27"
"JAMMU AND KASHMIR","625","SHOPIAN","7596","79","3","7678","2023-08-27"
"JAMMU AND KASHMIR","13","SRINAGAR","42666","806","53","43525","2023-08-27"
"JAMMU AND KASHMIR","14","UDHAMPUR","8066","119","3","8188","2023-08-27"
"LADAKH","6","KARGIL","2684","28","NA","2712","2023-08-27"
"LADAKH","9","LEH LADAKH","5314","73","2","5389","2023-08-27"
"LAKSHADWEEP","553","LAKSHADWEEP DISTRICT","672","NA","NA","672","2023-08-27"
"PUDUCHERRY","598","KARAIKAL","4439","83","4","4526","2023-08-27"
"PUDUCHERRY","599","MAHE","328","26","3","357","2023-08-27"
"PUDUCHERRY","600","PONDICHERRY","22538","649","62","23249","2023-08-27"
"PUDUCHERRY","601","YANAM","352","27","7","386","2023-08-27"
"THE DADRA AND NAGAR HAVELI AND DAMAN AND DIU","465","DADRA AND NAGAR HAVELLI","1854","30","2","1886","2023-08-27"
"THE DADRA AND NAGAR HAVELI AND DAMAN AND DIU","463","DAMAN","814","16","4","834","2023-08-27"
"THE DADRA AND NAGAR HAVELI AND DAMAN AND DIU","464","DIU","119","3","NA","122","2023-08-27"
